"Trait","Method","Mean_DIC","SD_DIC","Delta_DIC","Wprob","ER","N","r","p_value","RMSE","MAE","Bias","Slope","Mean_fold_r","SD_fold_r","Mean_fold_RMSE","SD_fold_RMSE","Mean_fold_MAE","SD_fold_MAE","Selected_method","Is_selected"
"MMCOM","RRBLUP",-19.2750319096293,7.30890027453188,0.477681383382709,0.182203970404794,1.26977623456578,150,0.525940308592607,4.80054478460517e-12,0.228220432796006,0.182479145867834,-0.0056762406307145,0.80096342813552,0.534034044223768,0.100488624620347,0.227192128083392,0.0241945986362693,0.182479145867834,0.016475000185395,"GBLUP",FALSE
"MMCOM","BayesA",-18.3950933848076,7.05568114931419,1.35761990820443,0.117349599994997,1.97153012429014,150,0.528284338675173,3.710840054289e-12,0.227500349784934,0.182723225475108,-0.00564603526793063,0.812365068236177,0.536176534725438,0.100090854838845,0.22655536807584,0.0231590788970548,0.182723225475108,0.0153896802931301,"GBLUP",FALSE
"MMCOM","BayesB",-17.6471150133765,6.83167128083247,2.10559827963552,0.0807346884920903,2.86566128865663,150,0.529697938028748,3.17411507894115e-12,0.22711686047782,0.182554261320401,-0.00556574061201816,0.817853143275134,0.53729322141689,0.0996607098563109,0.226259824365456,0.0220386079249144,0.182554261320401,0.0142448360246068,"GBLUP",FALSE
"MMCOM","BayesB2",-18.3757205161275,7.00296811461001,1.37699277688454,0.116218388348321,1.99072001213892,150,0.528527611909943,3.61258474196543e-12,0.227442475636217,0.18266071006546,-0.00559079660755778,0.812992506680068,0.536347180352283,0.100313464228675,0.226497726984879,0.0231532771496391,0.18266071006546,0.0153938775804328,"GBLUP",FALSE
"MMCOM","BayesC",-18.4696944989489,7.0260408843979,1.28301879406316,0.121809466108016,1.89934558335864,150,0.528652359154097,3.56318463933924e-12,0.227413909960734,0.182155551742756,-0.0055131044605093,0.813237792350078,0.536371946648319,0.100389150058868,0.22649419494776,0.0228436560831061,0.182155551742756,0.0151263536343117,"GBLUP",FALSE
"MMCOM","BL",-19.752713293012,7.38971035780323,0,0.231358271463535,1,150,0.5260352031672,4.75094898053803e-12,0.228256566393274,0.181901633837766,-0.00583432472965502,0.799561332688931,0.533932312014362,0.0992856495820622,0.227265162571716,0.0237593661241929,0.181901633837766,0.0164882202240804,"GBLUP",FALSE
"MMCOM","GBLUP",-18.8903857761347,6.43788238870431,0.862327516877372,0.150325615188246,1.53904756134752,150,0.535247937022749,1.70675860252354e-12,0.225470160751887,0.182110155919601,-0.00413160596516194,0.846478901619426,0.541554225328637,0.100211027654607,0.224686813601864,0.0209949155429011,0.182110155919601,0.0137920765207747,"GBLUP",TRUE
"PRODCOM","RRBLUP",1069.69129212577,6.10407017516919,0.858432827049683,0.148082997558806,1.53605342116477,150,0.328656682204426,4.02236568580797e-05,20.6035758406305,16.1919463889249,-0.25614784009298,0.651622280864914,0.336566420767464,0.0725517662480994,20.5258277307876,1.99929155785324,16.1919463889249,2.18314882644122,"GBLUP",FALSE
"PRODCOM","BayesA",1070.03385372812,6.12498625382261,1.20099442939636,0.12477250382186,1.82302500991157,150,0.336499208196243,2.55114458834155e-05,20.4418944084091,16.0351482860341,-0.203422020040093,0.695453120128945,0.345934321280207,0.0841679526519153,20.3639272528019,1.99421470983611,16.0351482860341,2.16651743529315,"GBLUP",FALSE
"PRODCOM","BayesB",1070.29057406005,5.9742501670416,1.4577147613229,0.109741976668571,2.07271093451775,150,0.337448388747686,2.41232687814402e-05,20.4204583572108,15.9968828141182,-0.232168419624028,0.702499476759908,0.348354575216145,0.0847142917556914,20.3452263986143,1.95795885672784,15.9968828141182,2.15627305285584,"GBLUP",FALSE
"PRODCOM","BayesB2",1070.05087551769,6.1202100795922,1.21801621896498,0.12371508434568,1.83860679738106,150,0.337531186104002,2.40056120077298e-05,20.4263215405492,16.0258183140039,-0.19775189290079,0.699472404776695,0.347113572572381,0.0845836484527649,20.3472159303776,2.00792665468992,16.0258183140039,2.17227209581576,"GBLUP",FALSE
"PRODCOM","BayesC",1069.83113813676,5.91613964064715,0.998278838031183,0.138082302926852,1.64730302287206,150,0.333368883477898,3.06414570148851e-05,20.5096408466434,16.0796150100267,-0.265040573255698,0.675756626837153,0.342961478170769,0.0762909345597021,20.4341783837155,1.96523581307539,16.0796150100267,2.16843254110156,"GBLUP",FALSE
"PRODCOM","BL",1069.98056396281,5.79754906710406,1.14770466408436,0.128141739661693,1.77509214107023,150,0.313984714679089,9.1245733241428e-05,20.8767092748098,16.386232853295,-0.354410510782661,0.594283885476133,0.320153336614708,0.0608011616611449,20.8066271480386,1.91090844476987,16.386232853295,2.21949754506777,"GBLUP",FALSE
"PRODCOM","GBLUP",1068.83285929872,6.23925666055975,0,0.227463395016539,1,150,0.346801579879698,1.37629857027182e-05,20.2830606679189,16.025940435776,-0.139065359600756,0.740714889769645,0.359188421276,0.0973306898050643,20.1993643807048,2.05798101120763,16.025940435776,2.16652548329328,"GBLUP",TRUE
"PRODEF","RRBLUP",714.337022819463,10.0347578681559,0.885470525408095,0.137879931149006,1.55696009437125,150,0.0424336314366531,0.606141850490587,4.89616133836688,3.9353459928232,0.112844981274136,0.107728656563763,0.116469406677305,0.150208434138029,4.84428955854316,0.794712624402929,3.9353459928232,0.561745227225609,"GBLUP",FALSE
"PRODEF","BayesA",714.21462176789,11.3355239689303,0.763069473835117,0.146581819594269,1.46453053460424,150,0.0383431800324976,0.641323564069664,4.87997958711719,3.92096146774145,0.0869267102413912,0.101176076840712,0.115115296346475,0.149053289765125,4.82137090350062,0.843047582849029,3.92096146774145,0.599623376342722,"GBLUP",FALSE
"PRODEF","BayesB",714.516919445214,11.5565784540076,1.06536715115919,0.126019282306123,1.70349764484595,150,0.0439935255176976,0.592954157082835,4.85960638129156,3.91259533516971,0.0895832828102173,0.118458876905487,0.122134001022746,0.144355923764951,4.79837230480424,0.859794601618049,3.91259533516971,0.611460531661378,"GBLUP",FALSE
"PRODEF","BayesB2",714.183175043892,11.3481400504794,0.731622749837356,0.148904793226141,1.44168327937996,150,0.0376398725073889,0.647456791321253,4.88064007566403,3.92143177249541,0.0862270477043522,0.0994069780762647,0.114124013047431,0.14942809228768,4.82194424199213,0.84372779622388,3.92143177249541,0.599909377422266,"GBLUP",FALSE
"PRODEF","BayesC",714.446233956134,10.5199883429463,0.994681662079756,0.130552791033885,1.64434286631175,150,0.0464484627901149,0.572467627413701,4.8705128348599,3.91926805109195,0.108756488222113,0.121782624967266,0.12234150850094,0.143964001733248,4.81461140197592,0.822657524807928,3.91926805109195,0.583847599512664,"GBLUP",FALSE
"PRODEF","BL",715.073887256139,9.16349668388713,1.62233496208432,0.0953878320769171,2.25053390919456,150,0.0460408492472344,0.575846041877161,4.92658754867924,3.9674716816481,0.15364389353335,0.110511291117495,0.117052039512739,0.147057391770981,4.8815009699662,0.743482645241561,3.9674716816481,0.52138808147459,"GBLUP",FALSE
"PRODEF","GBLUP",713.451552294055,11.1210813140411,0,0.214673550613658,1,150,0.0486773623692226,0.554160631204572,4.83207982810692,3.88528360249427,0.0621151430606893,0.136190510697801,0.124307155547292,0.137161729600966,4.76684908143283,0.884692955239876,3.88528360249427,0.648227789176278,"GBLUP",TRUE
"CF","RRBLUP",557.473250956439,9.38119686386335,1.23061812900096,0.118664277862624,1.85022835110083,150,0.386118789256704,1.06078014415759e-06,2.48351620632407,1.98472062595866,0.0074288393619697,0.717413901300164,0.404818192084371,0.114804343522287,2.46697587624776,0.319927282921256,1.98472062595866,0.294526929464128,"BayesB",FALSE
"CF","BayesA",557.774319777351,8.84216008357985,1.53168694991291,0.10208072288797,2.15080776225781,150,0.391050070458907,7.50682357983611e-07,2.47262003401486,1.97370825622995,0.0162352452244584,0.737957979520996,0.409554974671687,0.116567535403828,2.45604060763863,0.319598119209337,1.97370825622995,0.286039608158148,"BayesB",FALSE
"CF","BayesB",556.875044791182,8.02388548591628,0.632411963743493,0.160036416784501,1.37191281569357,150,0.401399624884797,3.56666043005959e-07,2.45859381432064,1.96017538734816,0.033730333019238,0.751818710108133,0.421803585570147,0.119699732104,2.44210447433917,0.317823221752922,1.96017538734816,0.281468212188145,"BayesB",TRUE
"CF","BayesB2",557.739491353385,8.83515185635207,1.49685852594666,0.103873946708861,2.1136773764812,150,0.391077813346574,7.49211535243385e-07,2.47254935034951,1.97355348242144,0.0174122812422669,0.738139528037835,0.409509290288405,0.116496322893948,2.4559482940474,0.319801240772029,1.97355348242144,0.286256992971114,"BayesB",FALSE
"CF","BayesC",556.615262229245,8.49691055355294,0.372629401806535,0.182234200396954,1.20480135279812,150,0.396655662601033,5.03231630198341e-07,2.4662034603123,1.97030772784442,0.0202034593784473,0.741178967422227,0.416057684986292,0.118494706812711,2.44964911585749,0.318941054183539,1.97030772784442,0.287537973534223,"BayesB",FALSE
"CF","BL",556.242632827438,8.86317894314484,0,0.219556011164334,1,150,0.38937006837615,8.45065697798667e-07,2.48475106970244,1.98660688605888,0.015538165183983,0.705194617135897,0.409470035580925,0.113101644404023,2.46841895024643,0.317993247671538,1.98660688605888,0.299797108194083,"BayesB",FALSE
"CF","GBLUP",557.561283119024,9.22329920206747,1.31865029158541,0.113554424194757,1.93348707213533,150,0.388928005834308,8.71720516302714e-07,2.46934289263359,1.97659891370614,0.00379486593764433,0.758306235494041,0.402502010829593,0.119176760780884,2.45248126799291,0.322082969791822,1.97659891370614,0.275903904625778,"BayesB",FALSE
"DF","RRBLUP",348.385655504876,9.29230729594817,0.351150645379505,0.163967248547107,1.19193176477665,150,0.321438537802722,6.05033170346758e-05,1.06915545927162,0.83925955025071,-0.00247531291727939,0.613522508557613,0.351720241702464,0.160406173742056,1.06006143045169,0.155576186155769,0.83925955025071,0.111185164484299,"BL",FALSE
"DF","BayesA",349.08861952241,9.23823396135159,1.05411466291361,0.115374654141986,1.69394026252776,150,0.318981077891249,6.93626577194145e-05,1.06931410601712,0.838452325412475,-0.00367407039107443,0.615525476591314,0.350787088764034,0.178375722651495,1.06023797329443,0.155435265109429,0.838452325412475,0.112750656636964,"BL",FALSE
"DF","BayesB",349.38734957107,9.19971344115578,1.35284471157411,0.0993669606718464,1.96682851729507,150,0.324019768500856,5.23467984499825e-05,1.06698193653947,0.834361147189926,-0.00576394768381104,0.621816057145577,0.35560187028983,0.181174730496201,1.05813290723071,0.153318310782715,0.834361147189926,0.113580727828076,"BL",FALSE
"DF","BayesB2",349.080745031587,9.23589378346211,1.04624017209028,0.115829807907688,1.68728391643438,150,0.318436319695186,7.14845318197082e-05,1.06972831337379,0.838746062553469,-0.00364775384411478,0.613993418636639,0.350108868856289,0.178532002890353,1.06064439257178,0.155531897610957,0.838746062553469,0.112711958931584,"BL",FALSE
"DF","BayesC",348.5693444519,9.25453719981236,0.534839592404126,0.149578633387093,1.30658883224687,150,0.32578776906046,4.73680662110478e-05,1.06619198761528,0.835429171920986,-0.00527760718040293,0.623789151592116,0.356911964248823,0.169335411893232,1.05726754222479,0.153910276675157,0.835429171920986,0.11291545013923,"BL",FALSE
"DF","BL",348.034504859496,9.32239029622125,0,0.195437771926325,1,150,0.326679560823996,4.50287889952416e-05,1.06880037707314,0.837885020737988,-0.00262923290765263,0.609590033295138,0.355166691692143,0.150605690732932,1.05985496389323,0.154279379465375,0.837885020737988,0.108877689004115,"BL",TRUE
"DF","GBLUP",348.429087457867,9.09531680128944,0.394582598370675,0.160444923417955,1.2180988202239,150,0.315679235627794,8.31877681363524e-05,1.06784221455916,0.8434392296331,-0.0026781377118977,0.627797655826859,0.350748729012348,0.186688123005919,1.05891742856463,0.154032767117437,0.8434392296331,0.114513851156266,"BL",FALSE
"DCI","RRBLUP",292.916108618908,8.39575978659624,1.02964277021056,0.133186463104349,1.67333959172842,150,0.199767113350671,0.0142488779098507,0.813931911314869,0.638037176966956,-0.00899874456070441,0.489911274847233,0.235759666775557,0.163599839721603,0.808841684489628,0.10161376437679,0.638037176966956,0.0565505257790287,"BL",FALSE
"DCI","BayesA",293.537685566812,8.36594643013382,1.65121971811476,0.0976082140907834,2.28327281541593,150,0.193202434654856,0.0178456322054166,0.813983490472115,0.641093594088945,-0.0071693846152989,0.488716342611405,0.231548195693864,0.166741413324259,0.808812813006464,0.102414331746945,0.641093594088945,0.0614642977616614,"BL",FALSE
"DCI","BayesB",292.805528604431,8.51367365041212,0.919062755733478,0.140757722434525,1.58333182677386,150,0.200672191902267,0.013806359221344,0.812090751330704,0.640188010121207,-0.00663541050916564,0.50353807407303,0.241250743101157,0.168869972212836,0.806612947639274,0.105279040515846,0.640188010121207,0.0640306886050922,"BL",FALSE
"DCI","BayesB2",293.533372412419,8.30165627267505,1.64690656372193,0.0978189408820998,2.27835406706563,150,0.193958963908456,0.0173945066228422,0.813742770164277,0.64097982748708,-0.00707620748992514,0.490609516766734,0.232199929964573,0.167477008594394,0.808543443236915,0.102681524587099,0.64097982748708,0.0618872629532638,"BL",FALSE
"DCI","BayesC",292.160679562483,8.56452209055789,0.274213713785969,0.194311910260393,1.14695070156084,150,0.20035604470152,0.013959548087952,0.812883810135766,0.638932924948723,-0.00807942523574356,0.497545652381105,0.239353128370059,0.168972996308789,0.807513997700579,0.104290653335222,0.638932924948723,0.0602103801621142,"BL",FALSE
"DCI","BL",291.886465848697,8.74870076725992,0,0.222866181794784,1,150,0.223661653538424,0.0059356885633132,0.810207370117793,0.633125231627343,-0.0105014897953872,0.515547060481362,0.257898898094087,0.162262485902666,0.804871685851885,0.10378795635294,0.633125231627343,0.0555263383138933,"BL",TRUE
"DCI","GBLUP",293.236874442446,7.93253851211665,1.35040859374874,0.113450567433065,1.96443426275742,150,0.157738610219512,0.0538773891224349,0.821006192478872,0.653387766573056,-0.00449978476946237,0.424189171691616,0.196489451350741,0.174443014851053,0.816013532266261,0.101075981611567,0.653387766573056,0.0669296324606181,"BL",FALSE
"EP","RRBLUP",163.400628424211,24.7489302183257,2.56491655708993,0.0793482960687361,3.60549214423803,150,-0.0750057088013885,0.361647843594099,0.508168215797171,0.339791278333652,-0.00682257907842472,-0.188468228259318,0.0636799256401383,0.271957778144521,0.486817613701894,0.162955310346399,0.339791278333652,0.0786987820842577,"GBLUP",FALSE
"EP","BayesA",161.874242835715,23.4008286630252,1.03853096859427,0.170211157186132,1.68079262760462,150,-0.0524978828277904,0.52345635807022,0.498935452314799,0.332197872116055,-0.00577614509700712,-0.142557328615542,0.0961077647492055,0.276118754251393,0.477433672285998,0.161994113103222,0.332197872116055,0.0787901207851935,"GBLUP",FALSE
"EP","BayesB",161.936611367265,23.2023652842637,1.10089950014407,0.164985155238367,1.7340327238603,150,-0.0458738166553289,0.577233140900794,0.497375739695263,0.331352415915735,-0.00484004752062526,-0.125563589556845,0.102521461075847,0.273672197318413,0.476221352941789,0.160451898709948,0.331352415915735,0.0783603002607802,"GBLUP",FALSE
"EP","BayesB2",161.861811884461,23.4019368643656,1.0261000173403,0.171272395117824,1.67037810113936,150,-0.0519603008127645,0.527723923021017,0.498786886270358,0.332188264536035,-0.0054469775120426,-0.141228064649367,0.0970657771544569,0.276187926400318,0.477360018886341,0.161693267810192,0.332188264536035,0.0786680465405224,"GBLUP",FALSE
"EP","BayesC",162.94325043017,24.1353032055188,2.10753856304936,0.0997369250662178,2.86844273517115,150,-0.0618839290010118,0.45186986461961,0.503261817247813,0.335723180542717,-0.00570010068921076,-0.16127071854864,0.081388973920168,0.273161857811505,0.482102283771523,0.161438241604386,0.335723180542717,0.0787186891523624,"GBLUP",FALSE
"EP","BL",165.45861593178,25.9519709654424,4.62290406465956,0.028356413188221,10.0890636709067,150,-0.0898975971896094,0.273945109459409,0.518490594169462,0.348765342871208,-0.00707470389669446,-0.206376537630778,0.0352844763939291,0.261916482838044,0.497869268368084,0.161859073953355,0.348765342871208,0.0779957676989504,"GBLUP",FALSE
"EP","GBLUP",160.835711867121,23.6308491273362,0,0.286089658134501,1,150,-0.0379148419639601,0.645056055744215,0.495485680184146,0.330334617057016,-0.00389129937038377,-0.104850697556928,0.107895414696339,0.269073627012828,0.47453493084349,0.1593842004282,0.330334617057016,0.0775111573338404,"GBLUP",TRUE
"FFC","RRBLUP",376.659913323637,7.35739381522491,0.785229377524729,0.132880961159267,1.4808476921313,150,0.209539484212215,0.0100678384947303,1.14603386118217,0.890329640148451,-0.00387259538318873,0.488584993262472,0.237482421115786,0.136087586770225,1.14232442589637,0.103007991053215,0.890329640148451,0.106886798476725,"BL",FALSE
"FFC","BayesA",376.394404446591,6.49802009413615,0.519720500478115,0.151746010112505,1.29674885366013,150,0.190806309046216,0.0193420700119223,1.1507520625496,0.898673972975188,-0.000811839952834654,0.463182774565943,0.223441628510285,0.151601547317573,1.14718582209403,0.101211406524909,0.898673972975188,0.0974875077537802,"BL",FALSE
"FFC","BayesB",376.617678199249,6.22977837791019,0.74299425313643,0.135716922019943,1.44990367989611,150,0.186092605435142,0.0226048700867308,1.15185552865901,0.89959302384901,-0.00072507522140764,0.456548133332314,0.219216147220192,0.147779311954534,1.14841220563625,0.0995022917324957,0.89959302384901,0.0951125187799345,"BL",FALSE
"FFC","BayesB2",376.398839246091,6.50567657858844,0.524155299977906,0.151409901329117,1.29962745456891,150,0.190371438294566,0.0196249889753792,1.1509245983893,0.898855213828135,-0.00105350650235144,0.462266423556111,0.222925553076128,0.151229757151905,1.14738086768409,0.100899551845333,0.898855213828135,0.0969406509021684,"BL",FALSE
"FFC","BayesC",376.735055934129,6.84970412366675,0.860371988016482,0.127981073962673,1.5375434708282,150,0.200377228029284,0.0139492374978013,1.14770511193605,0.892965063488228,-0.00307897255616496,0.479567307027523,0.229969790323322,0.138469875494833,1.14416352046545,0.100727741959777,0.892965063488228,0.10149068375682,"BL",FALSE
"FFC","BL",377.159896507242,8.17553569989115,1.28521256112981,0.103488666755605,1.90143008727313,150,0.218405827910348,0.00725227566725222,1.14757089215048,0.888910114289599,-0.00593038820172888,0.483166686480561,0.24134628851289,0.114650711023882,1.14359782925097,0.106670974516982,0.888910114289599,0.117429546350494,"BL",TRUE
"FFC","GBLUP",375.874683946113,5.778691794177,0,0.19677646466089,1,150,0.195371475139856,0.0165786569208414,1.1445477320416,0.894653542851222,-0.00140661930248995,0.49484744993101,0.229188345789763,0.162520161362783,1.14161350840988,0.0915703850709927,0.894653542851222,0.0853945746663255,"BL",FALSE
"FFP","RRBLUP",198.9713180038,71.5577812533618,3.79712925115842,0.042665634659491,6.6763045645958,150,0.0576397225063768,0.48354217629379,0.593012154524697,0.29101219458233,-0.0067984270850328,0.138373178349873,0.135643354584096,0.105865903828619,0.519925369373655,0.318867185705296,0.29101219458233,0.0459718600187431,"GBLUP",FALSE
"FFP","BayesA",195.860156833753,72.2221667468441,0.68596808111198,0.202142798782605,1.40914627255595,150,0.0864175086037659,0.293025071999926,0.581443636100943,0.278222114425319,-0.00362074730818051,0.224043737554773,0.179183602257621,0.100724550414823,0.503705002223068,0.324726755707288,0.278222114425319,0.0492376331525903,"GBLUP",FALSE
"FFP","BayesB",195.987024377607,72.2801314653865,0.812835624965658,0.189718349325138,1.50142973751245,150,0.0888142505771029,0.279792381228469,0.580325514295238,0.276560055010792,-0.00340578890553361,0.232613119927056,0.182202279109052,0.0966193096581131,0.502014173045807,0.325498603305695,0.276560055010792,0.0497125136789207,"GBLUP",FALSE
"FFP","BayesB2",195.822519894383,72.2001166239217,0.648331141741522,0.205982835396338,1.38287625219087,150,0.086924124758288,0.290193900760389,0.581346314972859,0.278133020877116,-0.00370227993871894,0.225331095675666,0.179804700835216,0.0998808608920834,0.50359109784074,0.324729780178999,0.278133020877116,0.0491700324066302,"GBLUP",FALSE
"FFP","BayesC",198.063541188602,71.9827693206651,2.88935243596018,0.0671737264001622,4.24047892968832,150,0.0694256356357749,0.398561519734044,0.587324725478269,0.283660229670885,-0.00552900957533433,0.173828039214325,0.152708057277097,0.102822393173531,0.511956357974394,0.321813262404843,0.283660229670885,0.0474835037833927,"GBLUP",FALSE
"FFP","BL",202.456882191075,71.5061884000903,7.28269343843331,0.00746788400772974,38.1431702921068,150,0.0315962121880752,0.701103232051111,0.605878651946135,0.305811677199409,-0.00884511896296133,0.0700825294235583,0.0928660361513349,0.107918620917428,0.537843246410478,0.311876544434461,0.305811677199409,0.044847081471334,"GBLUP",FALSE
"FFP","GBLUP",195.174188752641,71.9697985607556,0,0.284848771428536,1,150,0.0900667503542239,0.273039635433108,0.580133419812543,0.276344922133153,-0.0036959495129665,0.235643769483463,0.185714642418029,0.0904523356479398,0.501361337864923,0.326327277586648,0.276344922133153,0.0497310779590117,"GBLUP",TRUE
"SS","RRBLUP",381.930876285076,7.53702680148995,0.453361833549422,0.146645838355554,1.25442953665172,150,0.0848283807796408,0.30202445851589,1.22569429828187,0.955784444159534,0.0200523800241189,0.203400281908202,0.104988715753483,0.110056288578792,1.21861938489063,0.147025965434127,0.955784444159534,0.0667551094966248,"BL",FALSE
"SS","BayesA",382.392772846865,7.47820000265011,0.915258395338185,0.116404609619247,1.58032290698774,150,0.0819081317570814,0.31903195288876,1.22188246993345,0.953388247626863,0.0197932793937766,0.203293067936372,0.100803189746786,0.108077808395207,1.21481951130003,0.146672787589508,0.953388247626863,0.0696608857651696,"BL",FALSE
"SS","BayesB",382.113191845287,7.02913703371672,0.635677393759806,0.133869124097416,1.37415458792722,150,0.0837647963217937,0.308148284084692,1.22221223217273,0.955280740354608,0.022881127981465,0.206311449430647,0.0997599413400789,0.103665956318413,1.21569788662104,0.140896189346042,0.955280740354608,0.0680422593860374,"BL",FALSE
"SS","BayesB2",382.415849477324,7.43179874283639,0.938335025796675,0.115069215454094,1.59866277296076,150,0.0815148047041876,0.321369199479363,1.22196107680539,0.953703478758636,0.0199915987052303,0.202458905446363,0.100165823474841,0.108541765881443,1.21495506542644,0.146086713213552,0.953703478758636,0.0692087656122225,"BL",FALSE
"SS","BayesC",381.739970608687,7.08127029041866,0.262456157160045,0.161333436117814,1.14022781319755,150,0.0849140921417362,0.301534471053227,1.22310494549097,0.955649132737945,0.0214609832478099,0.207103240133019,0.103182886409193,0.106012516050909,1.21637258391139,0.143280515044738,0.955649132737945,0.0663684825617862,"BL",FALSE
"SS","BL",381.477514451527,7.389926276156,0,0.183956871060262,1,150,0.0949763230381019,0.247639326144709,1.23161881287657,0.962749669632014,0.0244377704495424,0.213272423061968,0.113415655277841,0.109306695062257,1.22491389303788,0.143487172224058,0.962749669632014,0.0627732146296084,"BL",TRUE
"SS","GBLUP",381.985135095031,7.46313654844287,0.507620643503856,0.142720905295613,1.28892729960785,150,0.0672061934085411,0.413846620581552,1.21702201343392,0.945870125677889,0.0129719556507455,0.181137301029967,0.0878890461686021,0.1074140661013,1.20996687860883,0.146299068060823,0.945870125677889,0.070258862142936,"BL",FALSE
