"IND","FAM","N_traits","Traits","Best_rank","Mean_rank_present","Selection_frequency","Recurrence_class","MMCOM_rank","PRODCOM_rank","PRODEF_rank","CF_rank","DF_rank","DCI_rank","FFC_rank","FFP_rank","SS_rank"
"1","1",4,"MMCOM, PRODCOM, CF, DF",8,16,0.444444444444444,"high_4plus",29,8,NA,16,11,NA,NA,NA,NA
"118","4",4,"PRODCOM, DCI, FFC, FFP",6,17.25,0.444444444444444,"high_4plus",NA,6,NA,NA,NA,28,21,14,NA
"121","4",4,"PRODCOM, PRODEF, DCI, FFP",13,18.5,0.444444444444444,"high_4plus",NA,27,18,NA,NA,16,NA,13,NA
"122","4",4,"PRODCOM, DCI, FFC, FFP",7,11,0.444444444444444,"high_4plus",NA,16,NA,NA,NA,10,11,7,NA
"133","6",4,"MMCOM, PRODEF, CF, FFP",4,12.25,0.444444444444444,"high_4plus",16,NA,4,12,NA,NA,NA,17,NA
"65","8",4,"MMCOM, CF, DF, FFC",1,11.75,0.444444444444444,"high_4plus",7,NA,NA,1,10,NA,29,NA,NA
"81","9",4,"PRODCOM, DCI, FFC, FFP",3,13.25,0.444444444444444,"high_4plus",NA,14,NA,NA,NA,20,3,16,NA
"4","1",3,"MMCOM, DF, FFC",2,5,0.333333333333333,"intermediate_3",8,NA,NA,NA,2,NA,5,NA,NA
"9","1",3,"MMCOM, CF, DF",9,18.6666666666667,0.333333333333333,"intermediate_3",19,NA,NA,28,9,NA,NA,NA,NA
"106","2",3,"FFC, FFP, SS",10,15.3333333333333,0.333333333333333,"intermediate_3",NA,NA,NA,NA,NA,NA,17,10,19
"107","2",3,"FFC, FFP, SS",5,14.3333333333333,0.333333333333333,"intermediate_3",NA,NA,NA,NA,NA,NA,13,5,25
"109","2",3,"DCI, FFC, SS",1,5,0.333333333333333,"intermediate_3",NA,NA,NA,NA,NA,4,10,NA,1
"114","2",3,"PRODEF, FFP, SS",4,14.6666666666667,0.333333333333333,"intermediate_3",NA,NA,10,NA,NA,NA,NA,4,30
"37","3",3,"PRODEF, FFC, FFP",6,12.3333333333333,0.333333333333333,"intermediate_3",NA,NA,9,NA,NA,NA,6,22,NA
"38","3",3,"PRODEF, DCI, FFP",8,14.6666666666667,0.333333333333333,"intermediate_3",NA,NA,8,NA,NA,11,NA,25,NA
"43","3",3,"PRODEF, DCI, FFC",3,11,0.333333333333333,"intermediate_3",NA,NA,3,NA,NA,23,7,NA,NA
"45","3",3,"PRODEF, DCI, FFC",6,12.6666666666667,0.333333333333333,"intermediate_3",NA,NA,6,NA,NA,14,18,NA,NA
"119","4",3,"PRODCOM, PRODEF, DCI",1,14.6666666666667,0.333333333333333,"intermediate_3",NA,1,30,NA,NA,13,NA,NA,NA
"120","4",3,"PRODCOM, DCI, SS",2,11.3333333333333,0.333333333333333,"intermediate_3",NA,4,NA,NA,NA,2,NA,NA,28
"126","4",3,"PRODCOM, FFC, SS",6,17.6666666666667,0.333333333333333,"intermediate_3",NA,24,NA,NA,NA,NA,23,NA,6
"136","6",3,"PRODCOM, PRODEF, DCI",7,15.6666666666667,0.333333333333333,"intermediate_3",NA,19,21,NA,NA,7,NA,NA,NA
"137","6",3,"PRODEF, CF, DF",18,23.6666666666667,0.333333333333333,"intermediate_3",NA,NA,26,18,27,NA,NA,NA,NA
"138","6",3,"PRODEF, DCI, SS",13,15,0.333333333333333,"intermediate_3",NA,NA,13,NA,NA,18,NA,NA,14
"141","6",3,"PRODEF, DCI, FFP",12,19.3333333333333,0.333333333333333,"intermediate_3",NA,NA,12,NA,NA,19,NA,27,NA
"142","6",3,"PRODEF, DCI, FFC",9,17.3333333333333,0.333333333333333,"intermediate_3",NA,NA,14,NA,NA,29,9,NA,NA
"146","6",3,"PRODEF, DCI, FFP",21,26.6666666666667,0.333333333333333,"intermediate_3",NA,NA,29,NA,NA,21,NA,30,NA
"147","6",3,"PRODCOM, DCI, FFP",19,23,0.333333333333333,"intermediate_3",NA,26,NA,NA,NA,24,NA,19,NA
"151","7",3,"MMCOM, PRODCOM, FFP",14,20,0.333333333333333,"intermediate_3",14,22,NA,NA,NA,NA,NA,24,NA
"152","7",3,"MMCOM, PRODEF, FFC",6,13.3333333333333,0.333333333333333,"intermediate_3",6,NA,20,NA,NA,NA,14,NA,NA
"58","8",3,"MMCOM, CF, DF",9,11,0.333333333333333,"intermediate_3",9,NA,NA,11,13,NA,NA,NA,NA
"60","8",3,"DF, FFC, SS",8,16,0.333333333333333,"intermediate_3",NA,NA,NA,NA,28,NA,12,NA,8
"62","8",3,"PRODCOM, CF, SS",18,22.3333333333333,0.333333333333333,"intermediate_3",NA,28,NA,21,NA,NA,NA,NA,18
"74","9",3,"MMCOM, DF, FFC",4,11.3333333333333,0.333333333333333,"intermediate_3",4,NA,NA,NA,8,NA,22,NA,NA
"78","9",3,"MMCOM, FFC, SS",21,24.6666666666667,0.333333333333333,"intermediate_3",21,NA,NA,NA,NA,NA,30,NA,23
"83","9",3,"FFC, FFP, SS",3,13,0.333333333333333,"intermediate_3",NA,NA,NA,NA,NA,NA,26,3,10
"101","10",3,"PRODCOM, DF, FFP",7,14.3333333333333,0.333333333333333,"intermediate_3",NA,7,NA,NA,25,NA,NA,11,NA
"90","10",3,"CF, DF, SS",16,22.6666666666667,0.333333333333333,"intermediate_3",NA,NA,NA,23,16,NA,NA,NA,29
"93","10",3,"MMCOM, CF, DF",2,5.66666666666667,0.333333333333333,"intermediate_3",2,NA,NA,3,12,NA,NA,NA,NA
"96","10",3,"MMCOM, CF, DF",8,18.6666666666667,0.333333333333333,"intermediate_3",25,NA,NA,8,23,NA,NA,NA,NA
"99","10",3,"MMCOM, CF, DF",13,15,0.333333333333333,"intermediate_3",13,NA,NA,15,17,NA,NA,NA,NA
"10","1",2,"FFP, SS",3,16,0.222222222222222,"broad_2",NA,NA,NA,NA,NA,NA,NA,29,3
"13","1",2,"CF, DF",1,5,0.222222222222222,"broad_2",NA,NA,NA,9,1,NA,NA,NA,NA
"14","1",2,"CF, SS",2,9.5,0.222222222222222,"broad_2",NA,NA,NA,17,NA,NA,NA,NA,2
"15","1",2,"FFP, SS",9,9,0.222222222222222,"broad_2",NA,NA,NA,NA,NA,NA,NA,9,9
"2","1",2,"PRODCOM, CF",21,25,0.222222222222222,"broad_2",NA,21,NA,29,NA,NA,NA,NA,NA
"6","1",2,"DF, FFP",8,16,0.222222222222222,"broad_2",NA,NA,NA,NA,24,NA,NA,8,NA
"8","1",2,"MMCOM, DF",26,26.5,0.222222222222222,"broad_2",27,NA,NA,NA,26,NA,NA,NA,NA
"103","2",2,"PRODCOM, SS",4,9.5,0.222222222222222,"broad_2",NA,15,NA,NA,NA,NA,NA,NA,4
"104","2",2,"DCI, FFP",21,23,0.222222222222222,"broad_2",NA,NA,NA,NA,NA,25,NA,21,NA
"105","2",2,"PRODCOM, FFP",2,2.5,0.222222222222222,"broad_2",NA,3,NA,NA,NA,NA,NA,2,NA
"108","2",2,"DCI, FFP",15,20.5,0.222222222222222,"broad_2",NA,NA,NA,NA,NA,15,NA,26,NA
"111","2",2,"DCI, FFP",1,8,0.222222222222222,"broad_2",NA,NA,NA,NA,NA,1,NA,15,NA
"113","2",2,"DCI, SS",17,19.5,0.222222222222222,"broad_2",NA,NA,NA,NA,NA,22,NA,NA,17
"116","2",2,"MMCOM, SS",20,24,0.222222222222222,"broad_2",28,NA,NA,NA,NA,NA,NA,NA,20
"117","2",2,"DCI, FFP",8,10,0.222222222222222,"broad_2",NA,NA,NA,NA,NA,8,NA,12,NA
"39","3",2,"PRODEF, DCI",7,9.5,0.222222222222222,"broad_2",NA,NA,7,NA,NA,12,NA,NA,NA
"42","3",2,"PRODEF, FFC",11,19,0.222222222222222,"broad_2",NA,NA,11,NA,NA,NA,27,NA,NA
"44","3",2,"PRODEF, DCI",17,19.5,0.222222222222222,"broad_2",NA,NA,22,NA,NA,17,NA,NA,NA
"123","4",2,"PRODCOM, CF",25,27.5,0.222222222222222,"broad_2",NA,30,NA,25,NA,NA,NA,NA,NA
"124","4",2,"PRODCOM, SS",18,22.5,0.222222222222222,"broad_2",NA,18,NA,NA,NA,NA,NA,NA,27
"125","4",2,"PRODCOM, DCI",23,26.5,0.222222222222222,"broad_2",NA,23,NA,NA,NA,30,NA,NA,NA
"127","4",2,"CF, DCI",5,7,0.222222222222222,"broad_2",NA,NA,NA,5,NA,9,NA,NA,NA
"128","4",2,"FFC, SS",15,20,0.222222222222222,"broad_2",NA,NA,NA,NA,NA,NA,25,NA,15
"130","4",2,"PRODCOM, FFC",2,15,0.222222222222222,"broad_2",NA,2,NA,NA,NA,NA,28,NA,NA
"25","5",2,"MMCOM, CF",14,19,0.222222222222222,"broad_2",24,NA,NA,14,NA,NA,NA,NA,NA
"26","5",2,"MMCOM, CF",2,6,0.222222222222222,"broad_2",10,NA,NA,2,NA,NA,NA,NA,NA
"27","5",2,"CF, DF",6,6.5,0.222222222222222,"broad_2",NA,NA,NA,6,7,NA,NA,NA,NA
"139","6",2,"PRODEF, FFP",1,1,0.222222222222222,"broad_2",NA,NA,1,NA,NA,NA,NA,1,NA
"144B","6",2,"PRODEF, DCI",3,9.5,0.222222222222222,"broad_2",NA,NA,16,NA,NA,3,NA,NA,NA
"154","7",2,"MMCOM, PRODEF",19,21,0.222222222222222,"broad_2",23,NA,19,NA,NA,NA,NA,NA,NA
"155","7",2,"PRODEF, FFC",20,24,0.222222222222222,"broad_2",NA,NA,28,NA,NA,NA,20,NA,NA
"156","7",2,"MMCOM, FFC",17,18,0.222222222222222,"broad_2",17,NA,NA,NA,NA,NA,19,NA,NA
"157","7",2,"PRODEF, FFP",5,11.5,0.222222222222222,"broad_2",NA,NA,5,NA,NA,NA,NA,18,NA
"57","8",2,"MMCOM, DF",5,12.5,0.222222222222222,"broad_2",20,NA,NA,NA,5,NA,NA,NA,NA
"59","8",2,"CF, DF",20,23,0.222222222222222,"broad_2",NA,NA,NA,26,20,NA,NA,NA,NA
"61","8",2,"PRODEF, FFC",24,25.5,0.222222222222222,"broad_2",NA,NA,27,NA,NA,NA,24,NA,NA
"63","8",2,"MMCOM, PRODCOM",3,6.5,0.222222222222222,"broad_2",3,10,NA,NA,NA,NA,NA,NA,NA
"64","8",2,"MMCOM, CF",10,18,0.222222222222222,"broad_2",26,NA,NA,10,NA,NA,NA,NA,NA
"67","8",2,"PRODCOM, FFP",13,16.5,0.222222222222222,"broad_2",NA,13,NA,NA,NA,NA,NA,20,NA
"68","8",2,"DCI, FFP",23,25,0.222222222222222,"broad_2",NA,NA,NA,NA,NA,27,NA,23,NA
"77","9",2,"MMCOM, DF",4,4.5,0.222222222222222,"broad_2",5,NA,NA,NA,4,NA,NA,NA,NA
"80","9",2,"FFC, SS",8,12,0.222222222222222,"broad_2",NA,NA,NA,NA,NA,NA,8,NA,16
"86","9",2,"DF, SS",13,14,0.222222222222222,"broad_2",NA,NA,NA,NA,15,NA,NA,NA,13
"87","9",2,"MMCOM, DF",12,15.5,0.222222222222222,"broad_2",12,NA,NA,NA,19,NA,NA,NA,NA
"102","10",2,"CF, DF",3,3.5,0.222222222222222,"broad_2",NA,NA,NA,4,3,NA,NA,NA,NA
"89","10",2,"PRODCOM, CF",20,22.5,0.222222222222222,"broad_2",NA,25,NA,20,NA,NA,NA,NA,NA
"91","10",2,"FFP, SS",6,13.5,0.222222222222222,"broad_2",NA,NA,NA,NA,NA,NA,NA,6,21
