"Trait","Rank","IND","FAM","Method","Selection_objective","GEBV_centered","GEBV_on_trait_scale","Selection_score","OOF_r","OOF_NRMSE","Selection_proportion","N_available","N_selected"
"MMCOM",1,"149","7","GBLUP","increase",0.151823454866283,1.33245152153295,1.33245152153295,0.535247937022749,0.847558162390611,0.2,150,30
"MMCOM",2,"152","7","GBLUP","increase",0.104555571239049,1.28518363790572,1.28518363790572,0.535247937022749,0.847558162390611,0.2,150,30
"MMCOM",3,"93","10","GBLUP","increase",0.0986709401462121,1.27929900681288,1.27929900681288,0.535247937022749,0.847558162390611,0.2,150,30
"MMCOM",4,"77","9","GBLUP","increase",0.0945354084775081,1.27516347514417,1.27516347514417,0.535247937022749,0.847558162390611,0.2,150,30
"MMCOM",5,"4","1","GBLUP","increase",0.0893783618673187,1.27000642853399,1.27000642853399,0.535247937022749,0.847558162390611,0.2,150,30
"MMCOM",6,"65","8","GBLUP","increase",0.0881548903903573,1.26878295705702,1.26878295705702,0.535247937022749,0.847558162390611,0.2,150,30
"MMCOM",7,"74","9","GBLUP","increase",0.083997911818561,1.26462597848523,1.26462597848523,0.535247937022749,0.847558162390611,0.2,150,30
"MMCOM",8,"63","8","GBLUP","increase",0.0837382087882676,1.26436627545493,1.26436627545493,0.535247937022749,0.847558162390611,0.2,150,30
"MMCOM",9,"58","8","GBLUP","increase",0.0774286610017034,1.25805672766837,1.25805672766837,0.535247937022749,0.847558162390611,0.2,150,30
"MMCOM",10,"26","5","GBLUP","increase",0.0723393982031093,1.25296746486978,1.25296746486978,0.535247937022749,0.847558162390611,0.2,150,30
"MMCOM",11,"153","7","GBLUP","increase",0.0703206524810241,1.25094871914769,1.25094871914769,0.535247937022749,0.847558162390611,0.2,150,30
"MMCOM",12,"151","7","GBLUP","increase",0.06982419038752,1.25045225705419,1.25045225705419,0.535247937022749,0.847558162390611,0.2,150,30
"MMCOM",13,"112","2","GBLUP","increase",0.0661434277056469,1.24677149437231,1.24677149437231,0.535247937022749,0.847558162390611,0.2,150,30
"MMCOM",14,"133","6","GBLUP","increase",0.0618193559740668,1.24244742264073,1.24244742264073,0.535247937022749,0.847558162390611,0.2,150,30
"MMCOM",15,"87","9","GBLUP","increase",0.0596035979622206,1.24023166462889,1.24023166462889,0.535247937022749,0.847558162390611,0.2,150,30
"MMCOM",16,"156","7","GBLUP","increase",0.0590534729270704,1.23968153959374,1.23968153959374,0.535247937022749,0.847558162390611,0.2,150,30
"MMCOM",17,"79","9","GBLUP","increase",0.0574139842612965,1.23804205092796,1.23804205092796,0.535247937022749,0.847558162390611,0.2,150,30
"MMCOM",18,"99","10","GBLUP","increase",0.0553841705453868,1.23601223721205,1.23601223721205,0.535247937022749,0.847558162390611,0.2,150,30
"MMCOM",19,"57","8","GBLUP","increase",0.0527626979302733,1.23339076459694,1.23339076459694,0.535247937022749,0.847558162390611,0.2,150,30
"MMCOM",20,"78","9","GBLUP","increase",0.0527030426041166,1.23333110927078,1.23333110927078,0.535247937022749,0.847558162390611,0.2,150,30
"MMCOM",21,"64","8","GBLUP","increase",0.0490157221298498,1.22964378879652,1.22964378879652,0.535247937022749,0.847558162390611,0.2,150,30
"MMCOM",22,"154","7","GBLUP","increase",0.0459833645817426,1.22661143124841,1.22661143124841,0.535247937022749,0.847558162390611,0.2,150,30
"MMCOM",23,"9","1","GBLUP","increase",0.0452262671008552,1.22585433376752,1.22585433376752,0.535247937022749,0.847558162390611,0.2,150,30
"MMCOM",24,"116","2","GBLUP","increase",0.0450910447895274,1.22571911145619,1.22571911145619,0.535247937022749,0.847558162390611,0.2,150,30
"MMCOM",25,"8","1","GBLUP","increase",0.0379484455332937,1.21857651219996,1.21857651219996,0.535247937022749,0.847558162390611,0.2,150,30
"MMCOM",26,"25","5","GBLUP","increase",0.0378901329469501,1.21851819961362,1.21851819961362,0.535247937022749,0.847558162390611,0.2,150,30
"MMCOM",27,"75","9","GBLUP","increase",0.0374154394243254,1.21804350609099,1.21804350609099,0.535247937022749,0.847558162390611,0.2,150,30
"MMCOM",28,"92","10","GBLUP","increase",0.0354246970498523,1.21605276371652,1.21605276371652,0.535247937022749,0.847558162390611,0.2,150,30
"MMCOM",29,"1","1","GBLUP","increase",0.0335257692971362,1.2141538359638,1.2141538359638,0.535247937022749,0.847558162390611,0.2,150,30
"MMCOM",30,"88","10","GBLUP","increase",0.0335180660581399,1.21414613272481,1.21414613272481,0.535247937022749,0.847558162390611,0.2,150,30
"CF",1,"26","5","BayesB","increase",2.17774618450168,25.4245461845017,25.4245461845017,0.401399624884797,0.922435117748326,0.2,150,30
"CF",2,"102","10","BayesB","increase",2.02321531790805,25.2700153179081,25.2700153179081,0.401399624884797,0.922435117748326,0.2,150,30
"CF",3,"27","5","BayesB","increase",1.9765022510754,25.2233022510754,25.2233022510754,0.401399624884797,0.922435117748326,0.2,150,30
"CF",4,"65","8","BayesB","increase",1.95679814447311,25.2035981444731,25.2035981444731,0.401399624884797,0.922435117748326,0.2,150,30
"CF",5,"93","10","BayesB","increase",1.94048973927885,25.1872897392788,25.1872897392788,0.401399624884797,0.922435117748326,0.2,150,30
"CF",6,"96","10","BayesB","increase",1.7434327783947,24.9902327783947,24.9902327783947,0.401399624884797,0.922435117748326,0.2,150,30
"CF",7,"134","6","BayesB","increase",1.73363613424804,24.980436134248,24.980436134248,0.401399624884797,0.922435117748326,0.2,150,30
"CF",8,"13","1","BayesB","increase",1.63865341868502,24.885453418685,24.885453418685,0.401399624884797,0.922435117748326,0.2,150,30
"CF",9,"21","5","BayesB","increase",1.58845735211146,24.8352573521115,24.8352573521115,0.401399624884797,0.922435117748326,0.2,150,30
"CF",10,"127","4","BayesB","increase",1.55222058372435,24.7990205837243,24.7990205837243,0.401399624884797,0.922435117748326,0.2,150,30
"CF",11,"23","5","BayesB","increase",1.49871615251753,24.7455161525175,24.7455161525175,0.401399624884797,0.922435117748326,0.2,150,30
"CF",12,"20","5","BayesB","increase",1.42148328133839,24.6682832813384,24.6682832813384,0.401399624884797,0.922435117748326,0.2,150,30
"CF",13,"1","1","BayesB","increase",1.39368058741335,24.6404805874133,24.6404805874133,0.401399624884797,0.922435117748326,0.2,150,30
"CF",14,"99","10","BayesB","increase",1.31658533322689,24.5633853332269,24.5633853332269,0.401399624884797,0.922435117748326,0.2,150,30
"CF",15,"64","8","BayesB","increase",1.25663582278832,24.5034358227883,24.5034358227883,0.401399624884797,0.922435117748326,0.2,150,30
"CF",16,"89","10","BayesB","increase",1.16131209135234,24.4081120913523,24.4081120913523,0.401399624884797,0.922435117748326,0.2,150,30
"CF",17,"25","5","BayesB","increase",1.15919643892287,24.4059964389229,24.4059964389229,0.401399624884797,0.922435117748326,0.2,150,30
"CF",18,"58","8","BayesB","increase",1.08648413376411,24.3332841337641,24.3332841337641,0.401399624884797,0.922435117748326,0.2,150,30
"CF",19,"22","5","BayesB","increase",1.07651977885445,24.3233197788544,24.3233197788544,0.401399624884797,0.922435117748326,0.2,150,30
"CF",20,"2","1","BayesB","increase",0.990054019637963,24.236854019638,24.236854019638,0.401399624884797,0.922435117748326,0.2,150,30
"CF",21,"123","4","BayesB","increase",0.985351310696806,24.2321513106968,24.2321513106968,0.401399624884797,0.922435117748326,0.2,150,30
"CF",22,"8","1","BayesB","increase",0.960212967118821,24.2070129671188,24.2070129671188,0.401399624884797,0.922435117748326,0.2,150,30
"CF",23,"136","6","BayesB","increase",0.916082488585642,24.1628824885856,24.1628824885856,0.401399624884797,0.922435117748326,0.2,150,30
"CF",24,"137","6","BayesB","increase",0.851742008330704,24.0985420083307,24.0985420083307,0.401399624884797,0.922435117748326,0.2,150,30
"CF",25,"7","1","BayesB","increase",0.834228676249968,24.08102867625,24.08102867625,0.401399624884797,0.922435117748326,0.2,150,30
"CF",26,"98","10","BayesB","increase",0.833008262162692,24.0798082621627,24.0798082621627,0.401399624884797,0.922435117748326,0.2,150,30
"CF",27,"73","9","BayesB","increase",0.8241037045773,24.0709037045773,24.0709037045773,0.401399624884797,0.922435117748326,0.2,150,30
"CF",28,"59","8","BayesB","increase",0.793893935294911,24.0406939352949,24.0406939352949,0.401399624884797,0.922435117748326,0.2,150,30
"CF",29,"90","10","BayesB","increase",0.775968011846157,24.0227680118462,24.0227680118462,0.401399624884797,0.922435117748326,0.2,150,30
"CF",30,"133","6","BayesB","increase",0.775797813663861,24.0225978136639,24.0225978136639,0.401399624884797,0.922435117748326,0.2,150,30
"PRODCOM",1,"119","4","GBLUP","increase",10.7383128083723,74.2479788083723,74.2479788083723,0.346801579879698,0.942626401355357,0.2,150,30
"PRODCOM",2,"130","4","GBLUP","increase",8.70611251222944,72.2157785122294,72.2157785122294,0.346801579879698,0.942626401355357,0.2,150,30
"PRODCOM",3,"105","2","GBLUP","increase",8.43744556493174,71.9471115649317,71.9471115649317,0.346801579879698,0.942626401355357,0.2,150,30
"PRODCOM",4,"120","4","GBLUP","increase",7.35388452433983,70.8635505243398,70.8635505243398,0.346801579879698,0.942626401355357,0.2,150,30
"PRODCOM",5,"24","5","GBLUP","increase",7.09719721983379,70.6068632198338,70.6068632198338,0.346801579879698,0.942626401355357,0.2,150,30
"PRODCOM",6,"118","4","GBLUP","increase",6.99046200313227,70.5001280031323,70.5001280031323,0.346801579879698,0.942626401355357,0.2,150,30
"PRODCOM",7,"101","10","GBLUP","increase",6.10478584374156,69.6144518437416,69.6144518437416,0.346801579879698,0.942626401355357,0.2,150,30
"PRODCOM",8,"1","1","GBLUP","increase",5.5644956707218,69.0741616707218,69.0741616707218,0.346801579879698,0.942626401355357,0.2,150,30
"PRODCOM",9,"19","5","GBLUP","increase",5.05278260783056,68.5624486078306,68.5624486078306,0.346801579879698,0.942626401355357,0.2,150,30
"PRODCOM",10,"63","8","GBLUP","increase",5.04362613549245,68.5532921354925,68.5532921354925,0.346801579879698,0.942626401355357,0.2,150,30
"PRODCOM",11,"140","6","GBLUP","increase",5.01275688170125,68.5224228817012,68.5224228817012,0.346801579879698,0.942626401355357,0.2,150,30
"PRODCOM",12,"84","9","GBLUP","increase",4.30756406334168,67.8172300633417,67.8172300633417,0.346801579879698,0.942626401355357,0.2,150,30
"PRODCOM",13,"67","8","GBLUP","increase",4.10523932127544,67.6149053212754,67.6149053212754,0.346801579879698,0.942626401355357,0.2,150,30
"PRODCOM",14,"81","9","GBLUP","increase",4.04620294246734,67.5558689424673,67.5558689424673,0.346801579879698,0.942626401355357,0.2,150,30
"PRODCOM",15,"103","2","GBLUP","increase",3.98665418825206,67.4963201882521,67.4963201882521,0.346801579879698,0.942626401355357,0.2,150,30
"PRODCOM",16,"122","4","GBLUP","increase",3.98175302841026,67.4914190284103,67.4914190284103,0.346801579879698,0.942626401355357,0.2,150,30
"PRODCOM",17,"100","10","GBLUP","increase",3.32266927520888,66.8323352752089,66.8323352752089,0.346801579879698,0.942626401355357,0.2,150,30
"PRODCOM",18,"124","4","GBLUP","increase",3.29197518739798,66.801641187398,66.801641187398,0.346801579879698,0.942626401355357,0.2,150,30
"PRODCOM",19,"136","6","GBLUP","increase",2.95389977693516,66.4635657769352,66.4635657769352,0.346801579879698,0.942626401355357,0.2,150,30
"PRODCOM",20,"22","5","GBLUP","increase",2.83749506753715,66.3471610675371,66.3471610675371,0.346801579879698,0.942626401355357,0.2,150,30
"PRODCOM",21,"2","1","GBLUP","increase",2.78743989120721,66.2971058912072,66.2971058912072,0.346801579879698,0.942626401355357,0.2,150,30
"PRODCOM",22,"151","7","GBLUP","increase",2.73886077361465,66.2485267736147,66.2485267736147,0.346801579879698,0.942626401355357,0.2,150,30
"PRODCOM",23,"125","4","GBLUP","increase",2.66592596280887,66.1755919628089,66.1755919628089,0.346801579879698,0.942626401355357,0.2,150,30
"PRODCOM",24,"126","4","GBLUP","increase",2.5888717210978,66.0985377210978,66.0985377210978,0.346801579879698,0.942626401355357,0.2,150,30
"PRODCOM",25,"89","10","GBLUP","increase",2.4831543037434,65.9928203037434,65.9928203037434,0.346801579879698,0.942626401355357,0.2,150,30
"PRODCOM",26,"147","6","GBLUP","increase",2.35912195114867,65.8687879511487,65.8687879511487,0.346801579879698,0.942626401355357,0.2,150,30
"PRODCOM",27,"121","4","GBLUP","increase",2.22331068888038,65.7329766888804,65.7329766888804,0.346801579879698,0.942626401355357,0.2,150,30
"PRODCOM",28,"62","8","GBLUP","increase",2.22067987284723,65.7303458728472,65.7303458728472,0.346801579879698,0.942626401355357,0.2,150,30
"PRODCOM",29,"3","1","GBLUP","increase",2.21564797110241,65.7253139711024,65.7253139711024,0.346801579879698,0.942626401355357,0.2,150,30
"PRODCOM",30,"123","4","GBLUP","increase",2.20753409346824,65.7172000934683,65.7172000934683,0.346801579879698,0.942626401355357,0.2,150,30
"DF",1,"13","1","BL","increase",1.2690055401643,11.4117055401643,11.4117055401643,0.326679560823996,0.964786216630262,0.2,150,30
"DF",2,"4","1","BL","increase",0.915151539710589,11.0578515397106,11.0578515397106,0.326679560823996,0.964786216630262,0.2,150,30
"DF",3,"102","10","BL","increase",0.864378683973783,11.0070786839738,11.0070786839738,0.326679560823996,0.964786216630262,0.2,150,30
"DF",4,"27","5","BL","increase",0.75959941976611,10.9022994197661,10.9022994197661,0.326679560823996,0.964786216630262,0.2,150,30
"DF",5,"77","9","BL","increase",0.74623327009329,10.8889332700933,10.8889332700933,0.326679560823996,0.964786216630262,0.2,150,30
"DF",6,"88","10","BL","increase",0.734602224685852,10.8773022246859,10.8773022246859,0.326679560823996,0.964786216630262,0.2,150,30
"DF",7,"57","8","BL","increase",0.725023675941207,10.8677236759412,10.8677236759412,0.326679560823996,0.964786216630262,0.2,150,30
"DF",8,"9","1","BL","increase",0.663203241917691,10.8059032419177,10.8059032419177,0.326679560823996,0.964786216630262,0.2,150,30
"DF",9,"74","9","BL","increase",0.565537937248294,10.7082379372483,10.7082379372483,0.326679560823996,0.964786216630262,0.2,150,30
"DF",10,"162","7","BL","increase",0.56084834068598,10.703548340686,10.703548340686,0.326679560823996,0.964786216630262,0.2,150,30
"DF",11,"93","10","BL","increase",0.557483214779289,10.7001832147793,10.7001832147793,0.326679560823996,0.964786216630262,0.2,150,30
"DF",12,"65","8","BL","increase",0.544005639121921,10.6867056391219,10.6867056391219,0.326679560823996,0.964786216630262,0.2,150,30
"DF",13,"1","1","BL","increase",0.526270855399623,10.6689708553996,10.6689708553996,0.326679560823996,0.964786216630262,0.2,150,30
"DF",14,"58","8","BL","increase",0.514701846927699,10.6574018469277,10.6574018469277,0.326679560823996,0.964786216630262,0.2,150,30
"DF",15,"90","10","BL","increase",0.510759795296624,10.6534597952966,10.6534597952966,0.326679560823996,0.964786216630262,0.2,150,30
"DF",16,"11","1","BL","increase",0.467495662617639,10.6101956626176,10.6101956626176,0.326679560823996,0.964786216630262,0.2,150,30
"DF",17,"86","9","BL","increase",0.459915462444024,10.602615462444,10.602615462444,0.326679560823996,0.964786216630262,0.2,150,30
"DF",18,"99","10","BL","increase",0.455726796071947,10.5984267960719,10.5984267960719,0.326679560823996,0.964786216630262,0.2,150,30
"DF",19,"59","8","BL","increase",0.402772288406335,10.5454722884063,10.5454722884063,0.326679560823996,0.964786216630262,0.2,150,30
"DF",20,"6","1","BL","increase",0.378347121634217,10.5210471216342,10.5210471216342,0.326679560823996,0.964786216630262,0.2,150,30
"DF",21,"28","5","BL","increase",0.373020785127797,10.5157207851278,10.5157207851278,0.326679560823996,0.964786216630262,0.2,150,30
"DF",22,"87","9","BL","increase",0.354891629173396,10.4975916291734,10.4975916291734,0.326679560823996,0.964786216630262,0.2,150,30
"DF",23,"8","1","BL","increase",0.340697974343549,10.4833979743435,10.4833979743435,0.326679560823996,0.964786216630262,0.2,150,30
"DF",24,"56","8","BL","increase",0.336600594617388,10.4793005946174,10.4793005946174,0.326679560823996,0.964786216630262,0.2,150,30
"DF",25,"60","8","BL","increase",0.320251579633268,10.4629515796333,10.4629515796333,0.326679560823996,0.964786216630262,0.2,150,30
"DF",26,"96","10","BL","increase",0.319196689158951,10.461896689159,10.461896689159,0.326679560823996,0.964786216630262,0.2,150,30
"DF",27,"26","5","BL","increase",0.30646307154437,10.4491630715444,10.4491630715444,0.326679560823996,0.964786216630262,0.2,150,30
"DF",28,"75","9","BL","increase",0.305487377784954,10.448187377785,10.448187377785,0.326679560823996,0.964786216630262,0.2,150,30
"DF",29,"10","1","BL","increase",0.304664288683302,10.4473642886833,10.4473642886833,0.326679560823996,0.964786216630262,0.2,150,30
"DF",30,"76","9","BL","increase",0.288632801196832,10.4313328011968,10.4313328011968,0.326679560823996,0.964786216630262,0.2,150,30
